id,target,channel,date,time,offer,outcome,evidence,response,notes,next,status
P01,Individual 01,WeChat,2026-09-20 to 2026-09-22 (team-confirmed range),Date range recorded; exact time omitted from this summary,Product introduction and feedback discussion; product PDF visible,Feedback received,S18,Named responsibility is useful because family members can assume someone else will follow up.,"The visible chat shows a product discussion, not a completed purchase or observed task.","If the project reopens, invite a consented task trial and record the result.",Screenshot-backed discussion
P02,Individual 02,WeChat,2026-09-20 to 2026-09-22 (team-confirmed range),Date range recorded; exact time omitted from this summary,Product introduction and feedback discussion; product PDF visible,Feedback received,S19,RMB39/month could be acceptable if reliable and used regularly; reminders alone could feel expensive.,"The visible chat shows a product discussion, not a completed purchase or observed task.","If the project reopens, invite a consented task trial and record the result.",Screenshot-backed discussion
P03,Individual 03,WeChat,2026-09-20 to 2026-09-22 (team-confirmed range),Date range recorded; exact time omitted from this summary,Product introduction and feedback discussion; product PDF visible,Feedback received,S20,Requests automatic alerts after no response and shared current updates.,"The visible chat shows a product discussion, not a completed purchase or observed task.","If the project reopens, invite a consented task trial and record the result.",Screenshot-backed discussion
P04,Individual 04,WeChat,2026-09-20 to 2026-09-22 (team-confirmed range),Date range recorded; exact time omitted from this summary,Product introduction and feedback discussion; product PDF visible,Feedback received,S21,"Willing to try; sees use for older parents living alone, children in different cities and shared family care.","The visible chat shows a product discussion, not a completed purchase or observed task.","If the project reopens, invite a consented task trial and record the result.",Screenshot-backed discussion
P05,Individual 05,Not specified individually,2026-09-20 to 2026-09-22 (team-confirmed range),Date range recorded; exact time omitted from this summary,Product introduction and feedback consultation,Feedback received,S23 (team confirmation; excerpt not selected),Individual transcript not reproduced in this concise selection; feedback themes are summarised collectively.,One of the eight consultations; not selected for individual screenshot display.,"If the project reopens, invite a consented task trial and record the result.",Team-reported consultation
P06,Individual 06,Not specified individually,2026-09-20 to 2026-09-22 (team-confirmed range),Date range recorded; exact time omitted from this summary,Product introduction and feedback consultation,Feedback received,S23 (team confirmation; excerpt not selected),Individual transcript not reproduced in this concise selection; feedback themes are summarised collectively.,One of the eight consultations; not selected for individual screenshot display.,"If the project reopens, invite a consented task trial and record the result.",Team-reported consultation
P07,Individual 07,Not specified individually,2026-09-20 to 2026-09-22 (team-confirmed range),Date range recorded; exact time omitted from this summary,Product introduction and feedback consultation,Feedback received,S23 (team confirmation; excerpt not selected),Individual transcript not reproduced in this concise selection; feedback themes are summarised collectively.,One of the eight consultations; not selected for individual screenshot display.,"If the project reopens, invite a consented task trial and record the result.",Team-reported consultation
P08,Individual 08,Not specified individually,2026-09-20 to 2026-09-22 (team-confirmed range),Date range recorded; exact time omitted from this summary,Product introduction and feedback consultation,Feedback received,S23 (team confirmation; excerpt not selected),Individual transcript not reproduced in this concise selection; feedback themes are summarised collectively.,One of the eight consultations; not selected for individual screenshot display.,"If the project reopens, invite a consented task trial and record the result.",Team-reported consultation
O01,Organisation 01,Email,2026-09-20 (team-confirmed),22:05 shown in email-list row; timezone not visible,Product experience invitation with MVP demo video and product introduction PDF (team-confirmed attachments). Correspondence is represented by selected excerpts.,No reply reported as of 2026-09-22,S22 row 1; S23,No response reported. This is not a rejection.,Anonymous row identifier; organisation identity and full sent message not independently checked.,Archive the contact and available evidence under Stop; no follow-up has been sent by the assistant.,Visible email-list row plus team confirmation
O02,Organisation 02,Email,2026-09-20 (team-confirmed),22:05 shown in email-list row; timezone not visible,Product experience invitation with MVP demo video and product introduction PDF (team-confirmed attachments). Correspondence is represented by selected excerpts.,No reply reported as of 2026-09-22,S22 row 2; S23,No response reported. This is not a rejection.,Anonymous row identifier; organisation identity and full sent message not independently checked.,Archive the contact and available evidence under Stop; no follow-up has been sent by the assistant.,Visible email-list row plus team confirmation
O03,Organisation 03,Email,2026-09-20 (team-confirmed),22:03 shown in email-list row; timezone not visible,Product experience invitation with MVP demo video and product introduction PDF (team-confirmed attachments). Correspondence is represented by selected excerpts.,No reply reported as of 2026-09-22,S22 row 3; S23,No response reported. This is not a rejection.,Anonymous row identifier; organisation identity and full sent message not independently checked.,Archive the contact and available evidence under Stop; no follow-up has been sent by the assistant.,Visible email-list row plus team confirmation
O04,Taikang Home (name in email greeting),Email,2026-09-20 (team-confirmed),22:02 shown in email-list row; timezone not visible,Product experience invitation with MVP demo video and product introduction PDF (team-confirmed attachments). Correspondence is represented by selected excerpts.,No reply reported as of 2026-09-22,S22 row 4; S23,No response reported. This is not a rejection.,Screenshot greeting: 泰康之家. Visible recipient: sales@adinnet.cn. This does not independently verify the organisation-mailbox relationship or delivery.,Archive the contact and available evidence under Stop; no follow-up has been sent by the assistant.,Visible email-list row plus team confirmation
O05,Xinrong Linbang (name in email greeting),Email,2026-09-20 (team-confirmed),22:01 shown in email-list row; timezone not visible,Product experience invitation with MVP demo video and product introduction PDF (team-confirmed attachments). Correspondence is represented by selected excerpts.,No reply reported as of 2026-09-22,S22 row 5; S23,No response reported. This is not a rejection.,Screenshot greeting: 新融邻帮. Visible recipient: cs@eohelp.com. This does not independently verify the organisation-mailbox relationship or delivery.,Archive the contact and available evidence under Stop; no follow-up has been sent by the assistant.,Visible email-list row plus team confirmation
O06,Xiaode Zhineng (name in email greeting),Email,2026-09-20 (team-confirmed),22:00 shown in email-list row; timezone not visible,Product experience invitation with MVP demo video and product introduction PDF (team-confirmed attachments). Correspondence is represented by selected excerpts.,No reply reported as of 2026-09-22,S22 row 6; S23,No response reported. This is not a rejection.,Screenshot greeting: 孝德智能. Visible recipient: info@xiaodeyun.com. This does not independently verify the organisation-mailbox relationship or delivery.,Archive the contact and available evidence under Stop; no follow-up has been sent by the assistant.,Visible email-list row plus team confirmation
O07,Organisation 07,Email,2026-09-20 (team-confirmed),Not supplied,Product experience invitation with MVP demo video and product introduction PDF (team-confirmed attachments). Correspondence is represented by selected excerpts.,No reply reported as of 2026-09-22,S23 (team confirmation only),No response reported. This is not a rejection.,Anonymous row identifier; organisation identity and full sent message not independently checked.,Archive the contact and available evidence under Stop; no follow-up has been sent by the assistant.,Team-reported email
O08,Organisation 08,Email,2026-09-20 (team-confirmed),Not supplied,Product experience invitation with MVP demo video and product introduction PDF (team-confirmed attachments). Correspondence is represented by selected excerpts.,No reply reported as of 2026-09-22,S23 (team confirmation only),No response reported. This is not a rejection.,Anonymous row identifier; organisation identity and full sent message not independently checked.,Archive the contact and available evidence under Stop; no follow-up has been sent by the assistant.,Team-reported email
O09,Organisation 09,Email,2026-09-20 (team-confirmed),Not supplied,Product experience invitation with MVP demo video and product introduction PDF (team-confirmed attachments). Correspondence is represented by selected excerpts.,No reply reported as of 2026-09-22,S23 (team confirmation only),No response reported. This is not a rejection.,Anonymous row identifier; organisation identity and full sent message not independently checked.,Archive the contact and available evidence under Stop; no follow-up has been sent by the assistant.,Team-reported email
O10,Organisation 10,Email,2026-09-20 (team-confirmed),Not supplied,Product experience invitation with MVP demo video and product introduction PDF (team-confirmed attachments). Correspondence is represented by selected excerpts.,No reply reported as of 2026-09-22,S23 (team confirmation only),No response reported. This is not a rejection.,Anonymous row identifier; organisation identity and full sent message not independently checked.,Archive the contact and available evidence under Stop; no follow-up has been sent by the assistant.,Team-reported email
